{"Episode": 300, "Episode Reward": -16.0, "Mean Episode Reward": -15.62, "Size of replay buffer": 100000, "Epsilon": 0.39999999999999997, "Num Training Steps": 584667, "Loss": 0.005541984457522631, "[TEST] Average Episode Reward": 3.6666666666666665, "[TEST] Std. Episode Reward": 0.4714045207910317, "_runtime": 69337, "_timestamp": 1635985106, "_step": 300, "_wandb": {"runtime": 69333}}